{"train_cost": [0.3307112162367934, 0.28705768229512146, 0.27615109485207695, 0.2614762705111473, 0.25459060448486937, 0.2685275990599452, 0.2586864468194915, 0.25873327298656235, 0.25577026137169795, 0.2569097855323937, 0.26380912063716705, 0.2624940477761524, 0.26478680268744775, 0.2887175694806664, 0.26850183893311075, 0.2641318533749941, 0.26369807328073214, 0.26468725270590493, 0.2603874679380769, 0.2649800094918333, 0.26292305249384484, 0.2678619247715409, 0.2741257400478327, 0.2690895013321551, 0.28437222492513997, 0.26231249372938426, 0.2580809482782846, 0.25746991382655454, 0.2574448885997131, 0.2531381808293556], "train_accuracy": [57794, 58532, 58725, 59061, 59213, 59235, 59419, 59523, 59610, 59668, 59669, 59723, 59754, 59568, 59796, 59855, 59859, 59859, 59902, 59888, 59908, 59886, 59866, 59885, 59763, 59906, 59948, 59953, 59941, 59969], "test_cost": [0.7215114582172716, 0.8180085870013889, 0.9142092873523235, 0.9924157405199285, 1.0731005546592074, 1.1499337138685424, 1.2019712560817983, 1.2625772346175683, 1.3133294795914274, 1.3542656689153814, 1.4026158621621723, 1.4279825153264787, 1.4632367839543552, 1.5109727432758564, 1.5064364333218687, 1.524575256579639, 1.5400220608465471, 1.556007201648126, 1.5598909464227602, 1.575248740922124, 1.572238899068428, 1.5892361906469183, 1.60045146498658, 1.601346436108736, 1.6232045652390303, 1.5872609994376523, 1.5782977066406003, 1.5802982984479057, 1.5723895556172347, 1.5586897923311849], "test_accuracy": [9591, 9666, 9696, 9744, 9748, 9738, 9764, 9769, 9767, 9769, 9770, 9786, 9772, 9764, 9789, 9784, 9792, 9784, 9791, 9787, 9789, 9760, 9771, 9752, 9734, 9783, 9784, 9774, 9780, 9800]}